Subject_ID1,Gender1,Age1,Season1
100206,M,26-30,Spring
100307,F,26-30,Autumn
100408,M,31-35,Spring
100610,M,26-30,Summer
101006,F,31-35,Winter
101107,M,22-25,Winter
101309,M,26-30,Winter
101410,M,26-30,Winter
101915,F,31-35,Summer
102008,M,22-25,Winter
102109,M,26-30,Autumn
102311,F,26-30,Winter
102513,M,26-30,Winter
102614,M,22-25,Summer
102715,M,26-30,Summer
102816,F,26-30,Spring
103010,M,22-25,Summer
103111,M,26-30,Winter
103212,M,31-35,Autumn
103414,F,22-25,Winter
103515,F,26-30,Winter
103818,F,31-35,Autumn
104012,F,26-30,Spring
104416,F,31-35,Autumn
104820,F,36+,Winter
105014,F,26-30,Autumn
105115,M,31-35,Winter
105216,M,26-30,Spring
105620,F,31-35,Summer
105923,F,31-35,Spring
106016,F,31-35,Summer
106319,M,26-30,Spring
106521,F,26-30,Winter
106824,M,22-25,Autumn
107018,F,26-30,Autumn
107220,F,26-30,Spring
107321,F,22-25,Summer
107422,M,22-25,Spring
107725,F,31-35,Summer
108020,M,22-25,Summer
108121,F,26-30,Summer
108222,M,31-35,Spring
108323,F,26-30,Summer
108525,M,22-25,Autumn
108828,M,31-35,Autumn
109123,M,31-35,Winter
109325,M,31-35,Spring
109830,F,31-35,Summer
110007,F,31-35,Spring
110411,M,31-35,Winter
110613,M,26-30,Spring
111009,F,26-30,Spring
111211,F,26-30,Summer
111312,F,31-35,Autumn
111413,F,26-30,Summer
111514,M,31-35,Winter
111716,F,31-35,Summer
112112,M,26-30,Spring
112314,F,26-30,Spring
112516,F,31-35,Summer
112819,F,26-30,Spring
112920,M,31-35,Winter
113215,F,26-30,Spring
113316,M,22-25,Summer
113417,F,26-30,Summer
113619,F,31-35,Winter
113821,F,26-30,Autumn
113922,M,31-35,Summer
114116,F,26-30,Summer
114217,F,26-30,Summer
114318,F,22-25,Winter
114419,M,31-35,Spring
114621,M,26-30,Autumn
114823,F,31-35,Spring
114924,M,26-30,Autumn
115017,F,31-35,Winter
115219,M,31-35,Autumn
115320,F,31-35,Winter
115724,F,22-25,Summer
115825,M,22-25,Winter
116221,M,22-25,Summer
116423,M,26-30,Autumn
116524,M,26-30,Autumn
116726,M,26-30,Summer
117021,F,26-30,Summer
117122,F,26-30,Autumn
117324,F,22-25,Spring
117728,F,22-25,Winter
117930,F,31-35,Winter
118023,F,26-30,Spring
118124,F,31-35,Spring
118225,M,26-30,Summer
118528,F,26-30,Summer
118730,M,22-25,Spring
118831,M,22-25,Autumn
118932,M,26-30,Winter
119025,M,26-30,Summer
119126,F,22-25,Spring
119732,F,31-35,Winter
119833,F,26-30,Autumn
120010,F,26-30,Autumn
120111,F,26-30,Spring
120212,F,31-35,Autumn
120414,F,26-30,Summer
120515,F,26-30,Summer
120717,F,31-35,Autumn
121315,M,26-30,Autumn
121416,M,26-30,Summer
121618,M,31-35,Autumn
121719,F,31-35,Winter
121921,M,31-35,Spring
122317,M,31-35,Summer
122418,F,26-30,Autumn
122620,M,26-30,Autumn
122822,F,31-35,Spring
123117,M,26-30,Spring
123420,F,26-30,Winter
123521,M,22-25,Winter
123723,F,31-35,Autumn
123824,M,22-25,Spring
123925,F,26-30,Autumn
124220,M,31-35,Autumn
124422,F,31-35,Spring
124624,F,26-30,Autumn
124826,F,31-35,Winter
125222,M,26-30,Summer
125424,F,31-35,Spring
125525,F,31-35,Autumn
126325,F,26-30,Spring
126426,F,31-35,Summer
126628,M,31-35,Summer
127226,M,22-25,Summer
127327,M,22-25,Summer
127630,F,22-25,Winter
127731,F,31-35,Autumn
127832,F,31-35,Autumn
127933,M,31-35,Spring
128026,F,26-30,Winter
128127,F,26-30,Autumn
128329,F,31-35,Winter
128632,F,31-35,Winter
128935,M,31-35,Autumn
129028,M,26-30,Spring
129129,F,31-35,Spring
129331,F,26-30,Autumn
129533,F,31-35,Summer
129634,M,22-25,Spring
129937,F,26-30,Spring
130013,M,26-30,Autumn
130114,M,26-30,Summer
130316,F,26-30,Spring
130417,M,26-30,Spring
130518,F,31-35,Spring
130619,F,26-30,Winter
130720,M,31-35,Autumn
130821,F,22-25,Winter
130922,F,31-35,Spring
131217,F,26-30,Winter
131419,F,26-30,Autumn
131722,F,26-30,Winter
131823,M,26-30,Spring
131924,M,22-25,Spring
132017,F,22-25,Summer
132118,F,26-30,Summer
133019,F,26-30,Winter
133625,M,26-30,Spring
133827,M,22-25,Winter
133928,M,26-30,Spring
134021,F,31-35,Winter
134223,F,26-30,Spring
134324,M,26-30,Spring
134425,F,26-30,Spring
134627,M,26-30,Autumn
134728,M,26-30,Summer
134829,F,31-35,Spring
135124,F,31-35,Autumn
135225,F,22-25,Winter
135528,F,26-30,Autumn
135629,M,22-25,Summer
135730,M,22-25,Autumn
135932,F,26-30,Winter
136126,M,26-30,Autumn
136227,M,31-35,Spring
136631,M,22-25,Autumn
136732,F,31-35,Spring
136833,M,31-35,Winter
137027,M,31-35,Autumn
137128,F,31-35,Winter
137229,M,22-25,Winter
137431,F,31-35,Autumn
137532,M,31-35,Summer
137633,F,22-25,Winter
137936,M,31-35,Autumn
138130,F,31-35,Autumn
138231,F,31-35,Autumn
138332,M,26-30,Autumn
138534,M,22-25,Spring
138837,M,22-25,Spring
139233,F,31-35,Summer
139435,F,26-30,Autumn
139637,F,31-35,Spring
139839,M,26-30,Spring
140117,F,26-30,Summer
140319,F,36+,Summer
140420,F,26-30,Winter
140824,M,31-35,Summer
140925,F,22-25,Summer
141119,M,26-30,Autumn
141422,F,31-35,Winter
141826,F,26-30,Summer
142424,M,26-30,Spring
142828,M,31-35,Autumn
143224,F,26-30,Summer
143325,F,31-35,Autumn
143426,F,26-30,Spring
143830,F,26-30,Winter
144125,F,31-35,Summer
144226,F,31-35,Autumn
144428,M,22-25,Winter
144731,F,26-30,Winter
144832,F,22-25,Winter
144933,M,26-30,Summer
145127,M,22-25,Summer
145531,M,31-35,Autumn
145632,M,26-30,Summer
145834,F,26-30,Winter
146129,M,22-25,Summer
146331,F,26-30,Autumn
146432,M,31-35,Winter
146533,M,26-30,Summer
146634,F,26-30,Summer
146735,F,31-35,Summer
146836,M,26-30,Spring
146937,F,31-35,Summer
147030,M,26-30,Autumn
147636,F,22-25,Winter
147737,F,31-35,Winter
148032,F,31-35,Spring
148133,F,26-30,Winter
148335,F,31-35,Summer
148436,M,26-30,Summer
148840,F,22-25,Summer
148941,M,26-30,Spring
149236,F,22-25,Summer
149337,M,31-35,Winter
149539,M,22-25,Winter
149741,M,26-30,Autumn
149842,F,31-35,Winter
150423,F,26-30,Autumn
150524,F,26-30,Spring
150625,M,26-30,Summer
150726,M,22-25,Autumn
150928,M,22-25,Spring
151021,M,31-35,Autumn
151223,F,26-30,Winter
151324,M,22-25,Autumn
151425,F,26-30,Autumn
151526,M,26-30,Spring
151627,F,26-30,Winter
151728,M,31-35,Summer
151829,F,31-35,Winter
151930,M,31-35,Summer
152225,M,31-35,Winter
152427,F,31-35,Autumn
152831,M,26-30,Winter
153025,F,22-25,Summer
153126,F,26-30,Autumn
153227,F,31-35,Summer
153429,M,31-35,Winter
153631,F,22-25,Winter
153732,F,26-30,Spring
153833,F,22-25,Winter
153934,M,26-30,Summer
154229,F,22-25,Winter
154330,M,26-30,Summer
154431,F,26-30,Spring
154532,M,26-30,Autumn
154734,M,31-35,Winter
154835,F,31-35,Spring
154936,M,26-30,Summer
155231,F,31-35,Winter
155635,F,26-30,Summer
155938,M,26-30,Summer
156031,F,26-30,Spring
156233,F,22-25,Spring
156334,F,26-30,Spring
156435,M,22-25,Spring
156536,M,22-25,Summer
156637,M,31-35,Autumn
157336,F,31-35,Winter
157437,F,26-30,Summer
157942,F,36+,Spring
158035,F,26-30,Winter
158136,M,31-35,Summer
158338,M,22-25,Summer
158540,M,31-35,Winter
158843,M,26-30,Summer
159138,M,31-35,Summer
159239,F,31-35,Autumn
159340,M,26-30,Summer
159441,F,26-30,Winter
159744,M,31-35,Spring
159845,F,31-35,Spring
159946,M,26-30,Spring
160123,M,31-35,Spring
160729,F,22-25,Summer
160830,F,26-30,Winter
161327,F,26-30,Spring
161630,F,26-30,Summer
161731,F,31-35,Autumn
161832,M,26-30,Summer
162026,F,31-35,Winter
162228,M,22-25,Spring
162329,F,26-30,Autumn
162733,F,26-30,Summer
162935,M,22-25,Autumn
163129,M,26-30,Summer
163331,M,31-35,Winter
163432,F,31-35,Winter
163836,F,31-35,Winter
164030,M,31-35,Autumn
164131,M,26-30,Summer
164636,M,22-25,Autumn
164939,F,26-30,Winter
165032,M,22-25,Autumn
165234,F,22-25,Spring
165436,M,26-30,Summer
165638,M,26-30,Spring
165840,M,31-35,Spring
165941,F,26-30,Autumn
166438,M,31-35,Summer
166640,M,22-25,Winter
167036,F,26-30,Summer
167238,F,31-35,Summer
167440,F,26-30,Autumn
167743,F,26-30,Autumn
168139,M,22-25,Spring
168240,M,26-30,Summer
168341,M,31-35,Autumn
168745,F,22-25,Spring
168947,F,26-30,Summer
169040,M,22-25,Summer
169141,M,22-25,Spring
169343,F,31-35,Winter
169444,F,26-30,Winter
169545,M,22-25,Autumn
169747,F,26-30,Winter
169949,M,26-30,Spring
170631,F,31-35,Summer
170934,F,26-30,Winter
171128,F,36+,Autumn
171330,M,26-30,Autumn
171431,F,26-30,Winter
171532,F,31-35,Summer
171633,M,26-30,Autumn
171734,F,26-30,Autumn
172029,M,26-30,Winter
172130,M,26-30,Autumn
172332,F,26-30,Winter
172433,M,22-25,Spring
172534,F,22-25,Summer
172635,M,31-35,Summer
172938,F,31-35,Summer
173132,M,31-35,Winter
173334,M,26-30,Summer
173435,F,26-30,Autumn
173536,F,31-35,Winter
173637,F,22-25,Autumn
173738,M,31-35,Spring
173839,F,22-25,Spring
173940,F,26-30,Autumn
174437,F,31-35,Autumn
174841,M,22-25,Autumn
175035,M,22-25,Autumn
175136,F,22-25,Summer
175237,F,31-35,Winter
175338,F,22-25,Winter
175439,F,31-35,Winter
175540,M,31-35,Spring
175742,F,31-35,Summer
176037,F,26-30,Summer
176239,M,31-35,Spring
176441,M,26-30,Spring
176542,F,26-30,Spring
176744,M,31-35,Summer
176845,F,26-30,Spring
177140,F,31-35,Autumn
177241,M,26-30,Summer
177342,M,22-25,Autumn
177645,F,26-30,Autumn
177746,F,26-30,Winter
178142,F,26-30,Autumn
178243,M,22-25,Winter
178647,F,31-35,Summer
178748,M,31-35,Summer
178849,M,22-25,Winter
178950,M,31-35,Summer
179245,F,31-35,Winter
179346,F,26-30,Winter
179952,F,26-30,Winter
180129,F,26-30,Winter
180230,F,26-30,Autumn
180432,F,31-35,Summer
180533,F,31-35,Summer
180735,F,31-35,Summer
180836,F,31-35,Autumn
180937,M,36+,Winter
181131,F,31-35,Winter
181232,F,26-30,Summer
181636,F,31-35,Summer
182032,F,31-35,Spring
182436,F,31-35,Spring
182739,F,26-30,Autumn
182840,M,31-35,Spring
183034,M,31-35,Autumn
183337,F,31-35,Autumn
183741,M,31-35,Summer
185038,M,31-35,Spring
185139,F,31-35,Autumn
185341,F,22-25,Autumn
185442,M,22-25,Spring
185846,M,26-30,Winter
185947,F,26-30,Summer
186040,M,26-30,Autumn
186141,M,31-35,Summer
186444,F,22-25,Winter
186545,F,31-35,Autumn
186848,F,26-30,Summer
186949,M,22-25,Autumn
187143,M,26-30,Autumn
187345,F,31-35,Autumn
187547,F,31-35,Winter
187850,M,22-25,Winter
188145,F,31-35,Summer
188347,F,26-30,Summer
188448,F,22-25,Spring
188549,M,22-25,Summer
188751,M,26-30,Winter
189349,F,26-30,Autumn
189450,M,22-25,Summer
189652,M,26-30,Autumn
190031,F,26-30,Spring
191033,F,26-30,Winter
191235,M,22-25,Winter
191336,M,26-30,Summer
191437,F,31-35,Winter
191841,F,26-30,Summer
191942,M,26-30,Spring
192035,F,26-30,Spring
192136,M,22-25,Spring
192237,F,31-35,Spring
192439,F,31-35,Autumn
192540,F,26-30,Autumn
192641,F,31-35,Spring
192843,M,26-30,Autumn
193239,F,26-30,Winter
193441,M,26-30,Spring
193845,M,22-25,Autumn
194140,F,26-30,Autumn
194443,M,26-30,Summer
194645,M,26-30,Winter
194746,M,31-35,Spring
194847,F,31-35,Summer
195041,F,31-35,Spring
195445,F,26-30,Autumn
195647,F,31-35,Winter
195849,M,22-25,Autumn
195950,M,26-30,Winter
196144,F,31-35,Winter
196346,M,26-30,Spring
196750,F,26-30,Spring
196851,M,26-30,Autumn
196952,F,26-30,Autumn
197348,F,26-30,Winter
197550,F,26-30,Autumn
197651,F,31-35,Summer
198047,F,26-30,Autumn
198249,M,26-30,Summer
198350,M,31-35,Autumn
198451,M,26-30,Spring
198653,M,22-25,Winter
198855,M,26-30,Autumn
199150,F,26-30,Autumn
199251,F,31-35,Autumn
199352,F,22-25,Summer
199453,M,22-25,Autumn
199655,M,31-35,Spring
199958,M,31-35,Autumn
200008,F,26-30,Autumn
200109,F,31-35,Winter
200210,M,26-30,Spring
200311,M,31-35,Autumn
200513,M,22-25,Summer
200614,F,31-35,Autumn
200917,F,22-25,Winter
201111,M,26-30,Autumn
201414,F,22-25,Summer
201515,M,26-30,Autumn
201717,M,22-25,Spring
201818,F,26-30,Autumn
202113,F,22-25,Winter
202719,M,22-25,Spring
202820,F,36+,Summer
203418,M,26-30,Summer
203923,F,26-30,Autumn
204016,F,22-25,Winter
204218,M,26-30,Autumn
204319,F,26-30,Summer
204420,F,26-30,Autumn
204521,F,31-35,Spring
204622,F,26-30,Autumn
205119,M,31-35,Spring
205220,F,26-30,Autumn
205725,F,22-25,Winter
205826,M,31-35,Spring
206222,M,26-30,Winter
206323,F,31-35,Summer
206525,M,26-30,Autumn
206727,M,22-25,Autumn
206828,M,22-25,Spring
206929,M,31-35,Summer
207123,M,26-30,Winter
207426,M,26-30,Summer
208024,F,31-35,Summer
208125,F,26-30,Summer
208226,F,22-25,Spring
208327,M,26-30,Winter
208428,F,31-35,Summer
208630,M,31-35,Summer
209127,F,31-35,Spring
209228,F,26-30,Summer
209329,F,31-35,Spring
209531,F,36+,Summer
209834,F,26-30,Autumn
209935,M,22-25,Spring
210011,M,22-25,Autumn
210112,M,22-25,Spring
210415,F,26-30,Winter
210617,F,31-35,Winter
211114,F,26-30,Winter
211215,M,26-30,Summer
211316,F,31-35,Winter
211417,M,36+,Spring
211619,M,26-30,Autumn
211720,M,31-35,Summer
211821,M,26-30,Winter
211922,F,26-30,Winter
212015,M,22-25,Spring
212116,M,26-30,Winter
212217,F,22-25,Autumn
212318,F,31-35,Winter
212419,F,26-30,Autumn
212823,M,22-25,Winter
213017,M,22-25,Spring
213421,F,26-30,Spring
213522,M,26-30,Summer
214019,F,31-35,Winter
214221,F,22-25,Spring
214423,M,22-25,Winter
214524,M,22-25,Autumn
214625,F,31-35,Spring
214726,M,22-25,Winter
217126,M,22-25,Summer
217429,F,31-35,Autumn
219231,M,26-30,Autumn
220721,M,26-30,Spring
221218,F,26-30,Summer
221319,F,26-30,Spring
223929,M,31-35,Autumn
224022,F,26-30,Spring
227432,M,31-35,Spring
227533,F,31-35,Summer
228434,F,22-25,Summer
231928,F,26-30,Summer
233326,M,31-35,Summer
236130,F,26-30,Spring
237334,F,22-25,Spring
238033,M,31-35,Autumn
239136,F,26-30,Autumn
239944,F,31-35,Spring
245333,F,31-35,Spring
246133,F,26-30,Spring
248339,M,26-30,Autumn
249947,F,31-35,Autumn
250427,F,31-35,Autumn
250932,F,31-35,Autumn
251833,M,31-35,Spring
255639,F,26-30,Autumn
255740,F,26-30,Winter
256540,F,22-25,Autumn
257542,F,26-30,Spring
257845,M,26-30,Autumn
257946,F,26-30,Summer
263436,F,31-35,Winter
268749,M,26-30,Winter
268850,F,22-25,Autumn
270332,M,31-35,Spring
274542,F,26-30,Autumn
275645,M,22-25,Winter
280739,F,31-35,Summer
280941,F,26-30,Spring
281135,M,26-30,Summer
283543,M,22-25,Autumn
284646,M,26-30,Spring
285345,F,31-35,Spring
285446,M,31-35,Winter
286347,F,26-30,Autumn
286650,M,26-30,Autumn
287248,F,26-30,Summer
289555,F,31-35,Winter
290136,F,26-30,Winter
293748,F,31-35,Winter
295146,F,26-30,Spring
297655,F,31-35,Summer
298051,F,31-35,Winter
298455,M,22-25,Winter
299154,M,22-25,Spring
299760,M,26-30,Autumn
300618,M,22-25,Summer
300719,M,26-30,Autumn
303119,F,26-30,Autumn
303624,M,31-35,Summer
304020,M,31-35,Winter
304727,F,31-35,Autumn
305830,F,22-25,Winter
307127,F,31-35,Winter
308129,M,22-25,Spring
308331,M,26-30,Summer
309636,F,26-30,Autumn
310621,F,31-35,Winter
311320,M,26-30,Autumn
314225,M,22-25,Summer
316633,F,26-30,Autumn
316835,F,26-30,Winter
317332,M,26-30,Spring
318637,M,26-30,Autumn
320826,F,31-35,Winter
321323,F,31-35,Spring
322224,F,31-35,Summer
325129,M,31-35,Autumn
329440,M,26-30,Autumn
329844,M,26-30,Spring
330324,M,26-30,Autumn
333330,F,31-35,Winter
334635,F,22-25,Autumn
336841,M,26-30,Summer
339847,F,26-30,Summer
341834,M,26-30,Spring
342129,M,26-30,Autumn
346137,M,26-30,Summer
346945,F,22-25,Spring
348545,M,22-25,Winter
349244,M,26-30,Summer
350330,F,22-25,Autumn
352132,M,26-30,Autumn
352738,M,31-35,Summer
353740,M,22-25,Winter
355239,F,26-30,Summer
356948,F,26-30,Summer
358144,F,26-30,Winter
360030,F,31-35,Autumn
361234,F,31-35,Summer
361941,M,26-30,Spring
362034,F,31-35,Autumn
365343,F,26-30,Winter
366042,F,26-30,Summer
366446,M,22-25,Spring
368551,M,26-30,Autumn
368753,F,31-35,Summer
371843,F,31-35,Spring
376247,F,26-30,Autumn
377451,F,26-30,Autumn
378756,M,26-30,Summer
378857,F,31-35,Summer
379657,F,26-30,Winter
380036,M,26-30,Autumn
381038,F,26-30,Summer
381543,F,22-25,Autumn
382242,F,31-35,Summer
385046,M,26-30,Autumn
385450,M,26-30,Autumn
386250,M,22-25,Summer
387959,M,26-30,Winter
389357,F,26-30,Spring
390645,F,26-30,Spring
391748,F,31-35,Spring
392447,M,31-35,Spring
392750,M,31-35,Summer
393247,F,31-35,Summer
393550,M,26-30,Summer
394956,F,26-30,Summer
395251,F,26-30,Spring
395756,F,31-35,Spring
395958,M,26-30,Autumn
397154,F,26-30,Autumn
397760,M,31-35,Winter
397861,M,31-35,Winter
401422,F,31-35,Summer
406432,M,26-30,Summer
406836,F,31-35,Winter
412528,F,31-35,Summer
413934,F,31-35,Autumn
414229,M,31-35,Spring
415837,F,22-25,Winter
419239,F,26-30,Summer
421226,M,31-35,Autumn
422632,F,22-25,Summer
424939,M,26-30,Winter
429040,F,31-35,Winter
432332,F,31-35,Winter
433839,M,26-30,Summer
436239,F,26-30,Autumn
436845,F,26-30,Summer
441939,F,26-30,Spring
445543,M,26-30,Autumn
448347,M,26-30,Winter
449753,M,22-25,Winter
453441,M,31-35,Spring
453542,F,31-35,Summer
454140,M,31-35,Summer
456346,F,22-25,Winter
459453,F,26-30,Autumn
461743,M,26-30,Spring
463040,F,31-35,Autumn
465852,F,26-30,Autumn
467351,M,31-35,Spring
468050,F,31-35,Summer
469961,F,26-30,Autumn
473952,F,31-35,Spring
475855,F,26-30,Winter
479762,M,22-25,Summer
480141,F,22-25,Summer
481042,F,31-35,Summer
481951,F,22-25,Winter
485757,F,31-35,Spring
486759,M,31-35,Autumn
492754,F,26-30,Spring
495255,M,31-35,Winter
497865,M,26-30,Summer
499566,F,26-30,Autumn
500222,F,26-30,Autumn
506234,M,26-30,Spring
510225,F,26-30,Summer
510326,F,26-30,Autumn
512835,M,31-35,Spring
513130,F,26-30,Summer
513736,F,22-25,Spring
516742,M,31-35,Spring
517239,M,22-25,Spring
518746,M,22-25,Summer
519647,M,26-30,Autumn
519950,F,31-35,Summer
520228,M,22-25,Winter
521331,F,26-30,Summer
522434,F,26-30,Autumn
523032,M,31-35,Autumn
524135,M,22-25,Winter
525541,F,26-30,Winter
529549,F,26-30,Spring
529953,M,26-30,Winter
530635,M,26-30,Winter
531536,M,31-35,Autumn
531940,F,22-25,Autumn
536647,F,31-35,Summer
540436,M,31-35,Winter
541640,M,26-30,Winter
541943,F,26-30,Spring
545345,M,31-35,Summer
547046,F,26-30,Summer
548250,M,22-25,Summer
549757,F,26-30,Autumn
550439,M,22-25,Summer
552241,M,22-25,Summer
552544,F,31-35,Spring
553344,F,31-35,Spring
555348,F,31-35,Autumn
555651,F,31-35,Spring
555954,M,26-30,Autumn
557857,M,22-25,Autumn
558657,M,22-25,Autumn
558960,F,31-35,Summer
559053,F,31-35,Winter
559457,M,31-35,Autumn
561242,F,22-25,Spring
561444,M,22-25,Spring
561949,M,26-30,Summer
562345,F,31-35,Spring
562446,F,31-35,Winter
565452,F,22-25,Autumn
566454,F,26-30,Winter
567052,M,31-35,Autumn
567759,F,26-30,Autumn
567961,F,22-25,Winter
568963,F,31-35,Autumn
570243,F,26-30,Spring
571144,M,22-25,Autumn
571548,M,26-30,Summer
572045,F,31-35,Summer
573249,M,26-30,Summer
573451,M,22-25,Spring
576255,F,31-35,Winter
578057,F,26-30,Autumn
578158,M,26-30,Autumn
579665,F,31-35,Winter
579867,F,31-35,Winter
580044,F,26-30,Autumn
580347,F,26-30,Summer
580650,F,31-35,Autumn
580751,M,22-25,Winter
581349,M,31-35,Winter
581450,M,22-25,Autumn
583858,M,31-35,Autumn
585256,F,31-35,Spring
585862,F,26-30,Autumn
586460,F,26-30,Spring
587664,F,26-30,Summer
588565,M,31-35,Autumn
589567,M,22-25,Autumn
590047,M,22-25,Autumn
592455,M,31-35,Winter
594156,M,26-30,Winter
597869,M,31-35,Spring
598568,M,26-30,Spring
599065,M,22-25,Summer
599469,F,31-35,Summer
599671,M,26-30,Autumn
601127,M,22-25,Spring
604537,M,22-25,Spring
609143,F,31-35,Summer
611938,M,22-25,Autumn
613235,F,26-30,Spring
613538,F,26-30,Summer
614439,F,26-30,Summer
615441,M,22-25,Summer
615744,F,26-30,Autumn
616645,M,22-25,Spring
617748,F,26-30,Spring
618952,M,22-25,Spring
620434,F,26-30,Autumn
622236,M,22-25,Winter
623137,F,31-35,Autumn
623844,M,26-30,Autumn
626648,F,22-25,Winter
627549,F,31-35,Winter
627852,M,26-30,Winter
628248,M,26-30,Summer
633847,F,22-25,Summer
634748,F,22-25,Autumn
635245,M,26-30,Summer
638049,F,31-35,Winter
644044,M,31-35,Winter
644246,F,31-35,Summer
645450,F,26-30,Autumn
645551,F,22-25,Spring
647858,M,26-30,Spring
654350,F,26-30,Summer
654552,F,31-35,Summer
654754,F,31-35,Winter
656253,M,26-30,Spring
656657,M,22-25,Spring
657659,F,22-25,Summer
660951,F,26-30,Summer
662551,M,26-30,Spring
663755,F,22-25,Spring
664757,M,26-30,Spring
665254,F,31-35,Autumn
667056,M,22-25,Winter
668361,M,31-35,Autumn
671855,M,26-30,Autumn
672756,M,31-35,Autumn
673455,F,31-35,Winter
675661,M,31-35,Summer
677766,M,26-30,Autumn
677968,F,31-35,Spring
679568,F,26-30,Winter
679770,M,26-30,Autumn
680250,F,22-25,Summer
680452,F,31-35,Autumn
680957,F,26-30,Spring
683256,F,26-30,Summer
685058,M,31-35,Winter
686969,M,22-25,Spring
687163,M,22-25,Winter
688569,F,26-30,Winter
689470,M,36+,Summer
690152,M,26-30,Autumn
692964,M,22-25,Summer
693764,M,31-35,Spring
694362,F,22-25,Autumn
695768,M,26-30,Winter
698168,M,22-25,Summer
700634,M,26-30,Winter
701535,F,31-35,Autumn
702133,F,31-35,Winter
704238,M,26-30,Spring
705341,M,31-35,Spring
706040,F,22-25,Summer
707749,M,31-35,Spring
709551,F,31-35,Winter
713239,F,26-30,Spring
715041,F,31-35,Winter
715647,F,31-35,Spring
715950,F,26-30,Spring
720337,M,22-25,Spring
723141,M,31-35,Summer
724446,M,22-25,Spring
725751,M,26-30,Autumn
727553,F,26-30,Spring
727654,F,22-25,Spring
728454,M,22-25,Summer
729254,M,22-25,Autumn
729557,F,22-25,Autumn
731140,F,31-35,Spring
732243,F,31-35,Winter
734045,M,22-25,Spring
734247,F,31-35,Summer
735148,M,22-25,Winter
737960,F,22-25,Spring
742549,M,26-30,Winter
744553,F,31-35,Spring
748258,F,22-25,Spring
748662,F,31-35,Autumn
749058,M,22-25,Spring
749361,F,26-30,Spring
751348,M,26-30,Spring
751550,F,26-30,Winter
753150,M,22-25,Winter
753251,M,26-30,Winter
756055,M,22-25,Spring
757764,F,36+,Autumn
759869,M,31-35,Autumn
760551,F,26-30,Summer
761957,F,26-30,Spring
763557,M,26-30,Autumn
765056,M,26-30,Spring
765864,F,26-30,Summer
766563,M,26-30,Spring
767464,F,26-30,Autumn
769064,M,26-30,Winter
770352,F,26-30,Summer
771354,F,26-30,Summer
773257,M,26-30,Winter
774663,M,26-30,Autumn
779370,F,26-30,Summer
782561,F,31-35,Winter
783462,M,22-25,Summer
784565,F,26-30,Winter
786569,F,31-35,Summer
788674,F,31-35,Spring
788876,F,31-35,Winter
789373,M,26-30,Winter
792564,F,31-35,Autumn
792766,M,31-35,Summer
792867,M,36+,Summer
793465,M,22-25,Winter
800941,M,26-30,Winter
802844,F,22-25,Winter
803240,M,22-25,Autumn
804646,F,31-35,Autumn
809252,F,26-30,Spring
810439,M,26-30,Summer
810843,M,31-35,Spring
812746,M,22-25,Spring
814548,F,31-35,Autumn
814649,M,26-30,Autumn
815247,M,26-30,Summer
816653,F,22-25,Summer
818455,M,31-35,Summer
818859,M,31-35,Summer
820745,M,31-35,Spring
822244,F,26-30,Summer
825048,F,31-35,Spring
825553,M,26-30,Autumn
825654,F,31-35,Summer
826353,F,26-30,Autumn
826454,F,26-30,Winter
827052,F,26-30,Autumn
828862,F,26-30,Autumn
832651,M,22-25,Summer
833148,M,26-30,Autumn
833249,F,26-30,Summer
835657,F,31-35,Spring
837560,M,26-30,Autumn
837964,F,31-35,Winter
841349,F,26-30,Winter
843151,M,26-30,Spring
844961,F,31-35,Summer
845458,F,31-35,Winter
849264,F,31-35,Winter
849971,M,22-25,Autumn
852455,F,26-30,Summer
856463,F,31-35,Autumn
856766,F,31-35,Autumn
856968,M,31-35,Winter
857263,M,22-25,Winter
859671,F,31-35,Winter
861456,F,31-35,Autumn
865363,M,22-25,Autumn
867468,M,22-25,Spring
869472,F,22-25,Spring
870861,M,31-35,Autumn
871762,M,26-30,Winter
871964,M,26-30,Spring
872158,F,26-30,Winter
872562,F,31-35,Summer
872764,F,26-30,Winter
873968,F,22-25,Winter
877168,F,31-35,Autumn
877269,F,22-25,Autumn
878776,M,22-25,Winter
878877,M,26-30,Autumn
880157,M,31-35,Summer
882161,F,26-30,Spring
884064,F,31-35,Spring
885975,F,26-30,Winter
886674,M,22-25,Spring
887373,F,31-35,Spring
888678,M,26-30,Autumn
889579,M,31-35,Autumn
891667,M,26-30,Winter
894067,M,31-35,Summer
894673,F,26-30,Winter
894774,M,26-30,Winter
896778,F,31-35,Autumn
896879,M,26-30,Winter
898176,M,31-35,Winter
899885,F,26-30,Spring
901038,M,26-30,Winter
901139,F,26-30,Autumn
901442,F,26-30,Winter
902242,F,36+,Summer
904044,F,31-35,Spring
905147,F,36+,Autumn
907656,F,31-35,Winter
908860,M,26-30,Winter
910241,M,26-30,Autumn
910443,F,26-30,Spring
911849,F,31-35,Autumn
912447,M,26-30,Winter
917255,M,31-35,Winter
917558,F,31-35,Summer
919966,F,31-35,Spring
922854,M,26-30,Spring
923755,F,26-30,Winter
926862,M,26-30,Autumn
927359,M,22-25,Spring
929464,F,26-30,Spring
930449,F,22-25,Autumn
932554,M,26-30,Winter
933253,F,26-30,Summer
937160,M,26-30,Autumn
942658,M,26-30,Summer
943862,M,26-30,Autumn
947668,F,26-30,Summer
951457,F,31-35,Spring
952863,F,22-25,Winter
953764,F,31-35,Winter
955465,M,26-30,Summer
957974,F,26-30,Summer
958976,M,26-30,Autumn
959574,F,26-30,Spring
962058,M,26-30,Summer
965367,M,31-35,Spring
965771,M,31-35,Autumn
966975,M,22-25,Summer
969476,M,31-35,Summer
970764,F,22-25,Autumn
971160,M,26-30,Winter
972566,F,31-35,Spring
973770,M,22-25,Autumn
978578,F,31-35,Summer
979984,F,31-35,Spring
983773,M,26-30,Autumn
984472,F,26-30,Winter
987074,M,22-25,Winter
987983,F,26-30,Summer
989987,M,31-35,Autumn
990366,M,22-25,Winter
991267,M,26-30,Winter
992673,F,31-35,Summer
992774,M,31-35,Winter
993675,F,26-30,Autumn
994273,M,26-30,Winter
996782,F,26-30,Summer